{"cameraMode":{"drawMode":0,"name":"Shaded","section":"Shading Mode"},"sceneLighting":true,"audioPlay":false,"sceneViewState":{"showFog":true,"showMaterialUpdate":false,"showSkybox":true,"showFlares":true,"showImageEffects":true,"showParticleSystems":true},"in2DMode":false,"pivot":{"x":118.06482696533203,"y":89.60460662841797,"z":87.8638916015625},"rotation":{"x":-0.38865232467651369,"y":-0.024318594485521318,"z":0.010258476249873639,"w":-0.9210203289985657},"size":95.54349517822266,"orthographic":false}